id,name,email
1,Carolyn Thomas,andrewayala@example.net
2,Mr. Gregory Livingston PhD,cooklawrence@example.org
3,Ricardo Rodriguez,whitejim@example.org
4,Stephanie Ho,steven32@example.org
5,Jessica Clark,hwall@example.org
6,Kelly Dixon,bperez@example.net
7,Zachary Curtis,ncrawford@example.org
8,Cheyenne Flynn,jenniferdunn@example.net
9,Jason Miller,garyhenderson@example.org
10,Catherine Moore,charlesperry@example.org
11,Jennifer Strong,ochoaangel@example.com
12,Katherine Young,wcarlson@example.net
13,Lonnie Jimenez,kleinrebecca@example.net
14,Renee Fox,reynoldsbrian@example.org
15,Richard Haas,jacksondavid@example.com
16,Matthew Clark,deborah79@example.org
17,Daniel Dyer,anthony51@example.com
18,Steven Rivera,fernandezmarie@example.net
19,Teresa Mcdonald,njones@example.org
20,Isaac Nelson,christophercole@example.org
21,Betty Ramirez,drandall@example.com
22,Gabrielle Howe PhD,ggonzales@example.org
23,Samuel Hanson,uanderson@example.net
24,Dennis Parker,qjones@example.net
25,Teresa Reid,amyriddle@example.net
26,Patrick Morales,hannah92@example.net
27,Alexandra Ali,karengonzalez@example.org
28,Jeffrey York,ghall@example.org
29,Tammy Jones,peter42@example.com
30,Sherry White,charleshoffman@example.org
31,Michele Hall,davismaria@example.net
32,Dalton Edwards,douglasthomas@example.com
33,Edgar Sanchez,onealjoseph@example.com
34,Betty Tran,emily69@example.com
35,Robin Mcdowell,patricia20@example.org
36,Donna Jones,jessicakelly@example.org
37,Jacob Scott,kevin07@example.net
38,Colton George,geraldbean@example.net
39,Sarah Hamilton,uhampton@example.org
40,Leslie Sanchez,hillbradley@example.net
41,Michele Miller,vhernandez@example.com
42,Regina Larsen,tiffany71@example.org
43,Rodney Daniels,anthonydowns@example.org
44,Anna Mclean DVM,sabrina23@example.com
45,Gloria Brooks,michael92@example.org
46,Blake Taylor,fletchershari@example.com
47,Daniel Fields MD,williamobrien@example.com
48,Patrick Zamora,droberts@example.org
49,Jacob Richardson,swoodard@example.net
50,Tonya Moreno,delacruzricky@example.com
51,Kathy Miller,elizabeth91@example.org
52,Timothy Rose,fward@example.net
53,Vanessa Ryan,greenbrenda@example.org
54,Kimberly Edwards,jenkinscharles@example.org
55,Loretta Stanley,timothy19@example.net
56,Elizabeth Morales,kathleen34@example.org
57,Walter Silva,lsweeney@example.com
58,Ryan Perry,sandersjonathan@example.org
59,Jonathan Lynch,iharris@example.com
60,James Barnes,benjaminsmith@example.net
61,Rachel Hernandez,kmullins@example.com
62,Erica Schmidt,katherine11@example.org
63,John Williams,anthony90@example.net
64,Jordan Joyce,smithlauren@example.com
65,Marie Rubio,thomas20@example.com
66,Justin Gonzales,zmcdonald@example.org
67,Ernest Robinson,ashleysimpson@example.net
68,Gwendolyn Castillo,kennethgardner@example.org
69,Jacqueline Crane,vstewart@example.com
70,Gabriel Munoz,dylan88@example.net
71,Mark Reese,pnorris@example.org
72,Michelle Short,cynthialowe@example.net
73,Andrew Chambers,xlucas@example.com
74,Edward Ferguson,riosgreg@example.net
75,Cassandra Wilson,qscott@example.org
76,Gary Allison,djohnson@example.org
77,Oscar Barnes,eric40@example.com
78,David Sherman,harnold@example.net
79,Terri Kelley,patrick19@example.com
80,Nicholas Webb,bmartinez@example.com
81,Richard Lopez,rayjoshua@example.org
82,Jasmine Perez,carrie42@example.net
83,Jaime Reese,brandon77@example.net
84,Luis Glass,rachel08@example.net
85,Jason Davis,duranjames@example.net
86,Terry Miller,tony78@example.net
87,Sharon Martin,isellers@example.org
88,Michael Rivera,gregoryparrish@example.net
89,Christine Bradford,tina61@example.net
90,Kathryn Cunningham,vmunoz@example.net
91,Ann Brown,andrew69@example.com
92,Rachel Harris,keith00@example.net
93,Casey Smith,ldiaz@example.org
94,Michelle Henderson,melissa53@example.net
95,Meredith Robinson,ronald05@example.org
96,Sean Morris,daniel96@example.net
97,Kristi Weeks,obrienmartin@example.net
98,Kevin Nelson,pearsonjessica@example.net
99,Victoria James,marksimpson@example.com
100,Michelle Pennington,jamie19@example.net
101,Justin Cook,kristenwest@example.net
102,Stacey Smith,hgraves@example.com
103,Michael Zavala,charris@example.com
104,Wendy Harper,williamsbrian@example.org
105,Zachary Miller,robertsmith@example.net
106,Ann Woods,owilliams@example.net
107,Yvonne Taylor,wilsonchristian@example.org
108,Susan Espinoza,aaron39@example.org
109,Angel Sanchez,davidmassey@example.com
110,Ashlee Diaz,tamara27@example.net
111,Christie Martinez,arnoldanthony@example.net
112,Crystal Lewis,karen13@example.com
113,Thomas Hernandez,bryantmatthew@example.net
114,Anthony Evans,kboyer@example.org
115,Steven Martin,iwilson@example.net
116,Stacey Bailey,allenedward@example.com
117,Gordon Clark,ushepherd@example.net
118,Rachael Johnson,rita57@example.org
119,Julie Williams,orobinson@example.com
120,Julie Guerrero,pamelahart@example.net
121,Rebecca Adkins,perezdenise@example.net
122,Sarah Green,angelajacobson@example.net
123,Kim Lee,christophermaynard@example.com
124,Cody Garcia,sara82@example.net
125,Joe Martinez,qgriffin@example.org
126,Andrew Brown,perry92@example.net
127,Tracey Christensen,wking@example.net
128,Darren Gonzalez,adamrobinson@example.org
129,Jason Thomas,maryyoung@example.org
130,John Bennett,cruzpaul@example.org
131,Victor Brooks,cgardner@example.org
132,Judy Wilson,michael96@example.net
133,Scott Blair,mjones@example.com
134,Paul Bradley,ewilliams@example.net
135,Michael Wood,chloe49@example.net
136,Samuel Pierce,fcooper@example.com
137,Jeffrey Carroll,kcontreras@example.net
138,Margaret Heath,rowens@example.net
139,Madison Olson,tracy67@example.org
140,John Jones,jamesraymond@example.net
141,Matthew Jackson,rjohnson@example.net
142,Geoffrey Donaldson,qmcdonald@example.net
143,Karina Crawford,raymondbailey@example.net
144,Jacob Friedman,travis21@example.com
145,Connor English,thomas99@example.net
146,Miranda Jenkins,cookryan@example.org
147,Ann Harrell,webbedward@example.com
148,Jorge Morgan,leejoel@example.com
149,Melvin Lane,landrysylvia@example.com
150,Katherine Bridges,zpittman@example.com
151,Nicholas Leonard,vwalker@example.net
152,Andrea Smith,pamela43@example.com
153,Samantha Walton,kaylee97@example.net
154,Sabrina Pierce,brittany63@example.com
155,Robert Jones,susan29@example.org
156,Abigail Barker,jeremymacias@example.com
157,Kimberly Williams,pyates@example.com
158,Nicholas Bryant,rachelcline@example.org
159,Connor Gibson,howardlisa@example.org
160,Alexander Fisher,tleblanc@example.com
161,Jason Ellison,christopher50@example.com
162,Bryan Newton,jenkinsalexander@example.net
163,Jessica Huff,vgarner@example.com
164,Steven Adams,nicole08@example.com
165,Jeffrey Burke,victoriagarcia@example.com
166,Bradley Davis,saramiller@example.net
167,Brent Lewis,nicole36@example.net
168,Robert Lambert,ygarcia@example.net
169,Amber Woods,tcarter@example.com
170,Angela Delgado,sean20@example.com
171,Amy Mason,cbrown@example.com
172,John Freeman,alexandriamurray@example.com
173,Mr. Johnny Brady,olopez@example.org
174,Monique Jones,rharrison@example.org
175,Jesse Russell,yeseniaadkins@example.org
176,Maria Anthony,tknapp@example.org
177,Kristen Martin,kcruz@example.net
178,Nicole Williams,jbrown@example.net
179,Francisco Mathis,bianca02@example.com
180,Joe Salas,xbeard@example.com
181,Ronald Williams,herrerarandall@example.org
182,Ariel Walker,aerickson@example.net
183,Vincent Ingram,anita73@example.org
184,James Rodriguez,radams@example.com
185,Michael Delgado,amandasmith@example.org
186,Jason Murphy,jlee@example.org
187,Michelle Tran,trevorperez@example.net
188,John Hill,jasonsanchez@example.org
189,Thomas Romero,pagenatalie@example.net
190,Alice Robertson,adam92@example.net
191,Rhonda Rose,jporter@example.org
192,Sarah Barron,lstevenson@example.com
193,Julie Pierce,whicks@example.com
194,Meredith Dean,michaelwest@example.org
195,Kelly Chapman,slee@example.net
196,Dawn Green,lori54@example.net
197,Jason Perkins,jennifer37@example.com
198,Tanya Castillo,david54@example.org
199,Pamela Schroeder,alexanderdenise@example.com
200,Mark Jimenez,hprince@example.com
